{
  "metadata": {
    "filterMode": 0,
    "minWavelength": 450,
    "maxWavelength": 495,
    "useVisibleSpectrumOnly": true,
    "invertFilter": false
  },
  "powerStatistics": {
    "totalPower": [1.73231, 1.4955, 1.30351],
    "averagePower": [7.72285e-05, 6.66713e-05, 5.81119e-05],
    "peakPower": [0.144342, 0.144329, 0.144315]
  },
  "pixelStatistics": {
    "pixelCount": 22431,
    "totalPixels": 1713798,
    "passRate": 1.30885
  },
  "wavelengthDistribution": {
    "450-460": 1253,
    "460-470": 80,
    "470-480": 232,
    "480-490": 58,
    "520-530": 693,
    "530-540": 1612,
    "540-550": 1690,
    "550-560": 1762,
    "560-570": 1,
    "620-630": 2595,
    "630-640": 2205,
    "640-650": 1592,
    "650-660": 1639,
    "660-670": 2233,
    "670-680": 2382,
    "680-690": 2216,
    "690-700": 188
  }
}
