{
  "metadata": {
    "filterMode": 0,
    "minWavelength": 450,
    "maxWavelength": 495,
    "useVisibleSpectrumOnly": true,
    "invertFilter": false
  },
  "powerStatistics": {
    "totalPower": [0.297199, 0.297267, 0.288388],
    "averagePower": [1.65006e-06, 1.65044e-06, 1.60114e-06],
    "peakPower": [0.000150225, 0.000150225, 0.000150225]
  },
  "pixelStatistics": {
    "pixelCount": 180114,
    "totalPixels": 3456000,
    "passRate": 5.21163
  },
  "wavelengthDistribution": {
    "450-460": 930,
    "460-470": 488,
    "470-480": 954,
    "480-490": 258,
    "520-530": 740,
    "530-540": 3787,
    "540-550": 39312,
    "550-560": 7032,
    "620-630": 1777,
    "630-640": 2061,
    "640-650": 1945,
    "650-660": 7770,
    "660-670": 29365,
    "670-680": 67651,
    "680-690": 16028,
    "690-700": 16
  }
}
