{
  "metadata": {
    "filterMode": 0,
    "minWavelength": 450,
    "maxWavelength": 495,
    "useVisibleSpectrumOnly": true,
    "invertFilter": false
  },
  "powerStatistics": {
    "totalPower": [0.142086, 0.247206, 0.227698],
    "averagePower": [2.79252e-06, 4.85852e-06, 4.47512e-06],
    "peakPower": [0.000152088, 0.000137046, 0.000106508]
  },
  "pixelStatistics": {
    "pixelCount": 50881,
    "totalPixels": 3456000,
    "passRate": 1.47225
  },
  "wavelengthDistribution": {
    "450-460": 8144,
    "460-470": 327,
    "470-480": 629,
    "480-490": 180,
    "520-530": 10202,
    "530-540": 3319,
    "540-550": 8330,
    "550-560": 3485,
    "620-630": 567,
    "630-640": 700,
    "640-650": 407,
    "650-660": 488,
    "660-670": 1518,
    "670-680": 9271,
    "680-690": 3229,
    "690-700": 85
  }
}
