{
  "metadata": {
    "filterMode": 0,
    "minWavelength": 450,
    "maxWavelength": 495,
    "useVisibleSpectrumOnly": true,
    "invertFilter": false
  },
  "powerStatistics": {
    "totalPower": [0.0771, 0.0490295, 0.0278245],
    "averagePower": [2.24912e-05, 1.43027e-05, 8.11683e-06],
    "peakPower": [0.00324956, 0.00206045, 0.00133233]
  },
  "pixelStatistics": {
    "pixelCount": 3428,
    "totalPixels": 1713798,
    "passRate": 0.200024
  },
  "wavelengthDistribution": {
    "450-460": 199,
    "460-470": 27,
    "470-480": 45,
    "480-490": 10,
    "520-530": 112,
    "530-540": 343,
    "540-550": 225,
    "550-560": 253,
    "620-630": 141,
    "630-640": 181,
    "640-650": 317,
    "650-660": 321,
    "660-670": 474,
    "670-680": 366,
    "680-690": 348,
    "690-700": 66
  }
}
