{
  "metadata": {
    "filterMode": 0,
    "minWavelength": 450,
    "maxWavelength": 495,
    "useVisibleSpectrumOnly": true,
    "invertFilter": false
  },
  "powerStatistics": {
    "totalPower": [0.134511, 0.0861758, 0.0509487],
    "averagePower": [2.3896e-05, 1.53092e-05, 9.05112e-06],
    "peakPower": [0.0107634, 0.00499145, 0.00317269]
  },
  "pixelStatistics": {
    "pixelCount": 5629,
    "totalPixels": 1713798,
    "passRate": 0.328452
  },
  "wavelengthDistribution": {
    "450-460": 386,
    "460-470": 56,
    "470-480": 104,
    "480-490": 27,
    "520-530": 188,
    "530-540": 692,
    "540-550": 395,
    "550-560": 241,
    "620-630": 255,
    "630-640": 265,
    "640-650": 537,
    "650-660": 563,
    "660-670": 761,
    "670-680": 540,
    "680-690": 535,
    "690-700": 84
  }
}
