{
  "metadata": {
    "filterMode": 0,
    "minWavelength": 450,
    "maxWavelength": 495,
    "useVisibleSpectrumOnly": true,
    "invertFilter": false
  },
  "powerStatistics": {
    "totalPower": [0.0533615, 0.056547, 0.0471348],
    "averagePower": [2.14458e-06, 2.27261e-06, 1.89433e-06],
    "peakPower": [0.000226554, 0.000226561, 0.000226525]
  },
  "pixelStatistics": {
    "pixelCount": 24882,
    "totalPixels": 3456000,
    "passRate": 0.719965
  },
  "wavelengthDistribution": {
    "450-460": 595,
    "460-470": 248,
    "470-480": 532,
    "480-490": 157,
    "520-530": 484,
    "530-540": 979,
    "540-550": 6370,
    "550-560": 2309,
    "620-630": 473,
    "630-640": 604,
    "640-650": 382,
    "650-660": 346,
    "660-670": 1422,
    "670-680": 7342,
    "680-690": 2608,
    "690-700": 31
  }
}
