{
  "metadata": {
    "filterMode": 0,
    "minWavelength": 450,
    "maxWavelength": 495,
    "useVisibleSpectrumOnly": true,
    "invertFilter": false
  },
  "powerStatistics": {
    "totalPower": [8.36581, 6.32769, 4.38291],
    "averagePower": [0.000183388, 0.00013871, 9.60784e-05],
    "peakPower": [0.0618807, 0.0618295, 0.0617812]
  },
  "pixelStatistics": {
    "pixelCount": 45618,
    "totalPixels": 1713798,
    "passRate": 2.66181
  },
  "wavelengthDistribution": {
    "450-460": 3173,
    "460-470": 146,
    "470-480": 233,
    "480-490": 54,
    "520-530": 5783,
    "530-540": 4129,
    "540-550": 2999,
    "550-560": 1861,
    "620-630": 4131,
    "630-640": 3009,
    "640-650": 9898,
    "650-660": 3409,
    "660-670": 1903,
    "670-680": 2977,
    "680-690": 1693,
    "690-700": 220
  }
}
