{
  "metadata": {
    "filterMode": 0,
    "minWavelength": 450,
    "maxWavelength": 495,
    "useVisibleSpectrumOnly": true,
    "invertFilter": false
  },
  "powerStatistics": {
    "totalPower": [0.31139, 0.396197, 0.328601],
    "averagePower": [4.50167e-06, 5.7277e-06, 4.75049e-06],
    "peakPower": [0.000157752, 0.000160378, 0.000129725]
  },
  "pixelStatistics": {
    "pixelCount": 69172,
    "totalPixels": 3456000,
    "passRate": 2.0015
  },
  "wavelengthDistribution": {
    "450-460": 2392,
    "460-470": 545,
    "470-480": 1064,
    "480-490": 299,
    "520-530": 22024,
    "530-540": 3626,
    "540-550": 10084,
    "550-560": 8137,
    "620-630": 1147,
    "630-640": 1376,
    "640-650": 699,
    "650-660": 642,
    "660-670": 1869,
    "670-680": 11287,
    "680-690": 3891,
    "690-700": 90
  }
}
