{
  "metadata": {
    "filterMode": 0,
    "minWavelength": 450,
    "maxWavelength": 495,
    "useVisibleSpectrumOnly": true,
    "invertFilter": false
  },
  "powerStatistics": {
    "totalPower": [1.3084, 1.2446, 0.988994],
    "averagePower": [2.42647e-05, 2.30814e-05, 1.83412e-05],
    "peakPower": [0.00768432, 0.00547076, 0.00418031]
  },
  "pixelStatistics": {
    "pixelCount": 53922,
    "totalPixels": 1713798,
    "passRate": 3.14635
  },
  "wavelengthDistribution": {
    "450-460": 6610,
    "460-470": 377,
    "470-480": 1036,
    "480-490": 161,
    "520-530": 11761,
    "530-540": 3969,
    "540-550": 10261,
    "550-560": 7787,
    "620-630": 1056,
    "630-640": 913,
    "640-650": 3156,
    "650-660": 2336,
    "660-670": 1511,
    "670-680": 1390,
    "680-690": 1344,
    "690-700": 254
  }
}
