{
  "metadata": {
    "filterMode": 0,
    "minWavelength": 450,
    "maxWavelength": 495,
    "useVisibleSpectrumOnly": true,
    "invertFilter": false
  },
  "powerStatistics": {
    "totalPower": [0.923752, 0.953541, 0.777117],
    "averagePower": [1.91837e-05, 1.98023e-05, 1.61385e-05],
    "peakPower": [0.0178735, 0.00930555, 0.00417907]
  },
  "pixelStatistics": {
    "pixelCount": 48153,
    "totalPixels": 1713798,
    "passRate": 2.80972
  },
  "wavelengthDistribution": {
    "450-460": 2713,
    "460-470": 260,
    "470-480": 704,
    "480-490": 96,
    "520-530": 13355,
    "530-540": 3561,
    "540-550": 8843,
    "550-560": 5999,
    "620-630": 1126,
    "630-640": 1172,
    "640-650": 3078,
    "650-660": 2302,
    "660-670": 1694,
    "670-680": 1853,
    "680-690": 1223,
    "690-700": 174
  }
}
