{
  "metadata": {
    "filterMode": 0,
    "minWavelength": 450,
    "maxWavelength": 495,
    "useVisibleSpectrumOnly": true,
    "invertFilter": false
  },
  "powerStatistics": {
    "totalPower": [0.451179, 0.336107, 0.220703],
    "averagePower": [4.13736e-05, 3.08213e-05, 2.02387e-05],
    "peakPower": [0.00392571, 0.00269616, 0.00170848]
  },
  "pixelStatistics": {
    "pixelCount": 10905,
    "totalPixels": 1713798,
    "passRate": 0.636306
  },
  "wavelengthDistribution": {
    "450-460": 316,
    "460-470": 56,
    "470-480": 105,
    "480-490": 22,
    "520-530": 563,
    "530-540": 593,
    "540-550": 516,
    "550-560": 326,
    "620-630": 686,
    "630-640": 452,
    "640-650": 5209,
    "650-660": 578,
    "660-670": 528,
    "670-680": 461,
    "680-690": 453,
    "690-700": 41
  }
}
