{
  "metadata": {
    "filterMode": 0,
    "minWavelength": 450,
    "maxWavelength": 495,
    "useVisibleSpectrumOnly": true,
    "invertFilter": false
  },
  "powerStatistics": {
    "totalPower": [0.234797, 0.234779, 0.229617],
    "averagePower": [1.64462e-06, 1.64449e-06, 1.60833e-06],
    "peakPower": [0.000150011, 0.000150011, 0.000150007]
  },
  "pixelStatistics": {
    "pixelCount": 142767,
    "totalPixels": 3456000,
    "passRate": 4.13099
  },
  "wavelengthDistribution": {
    "450-460": 681,
    "460-470": 253,
    "470-480": 671,
    "480-490": 156,
    "520-530": 455,
    "530-540": 3620,
    "540-550": 32591,
    "550-560": 5707,
    "620-630": 825,
    "630-640": 1412,
    "640-650": 1538,
    "650-660": 6945,
    "660-670": 25663,
    "670-680": 50409,
    "680-690": 11830,
    "690-700": 11
  }
}
