{
  "metadata": {
    "filterMode": 0,
    "minWavelength": 450,
    "maxWavelength": 495,
    "useVisibleSpectrumOnly": true,
    "invertFilter": false
  },
  "powerStatistics": {
    "totalPower": [0.258225, 0.258177, 0.251175],
    "averagePower": [1.58612e-06, 1.58582e-06, 1.54282e-06],
    "peakPower": [0.000292969, 0.000292968, 0.000292969]
  },
  "pixelStatistics": {
    "pixelCount": 162803,
    "totalPixels": 3456000,
    "passRate": 4.71073
  },
  "wavelengthDistribution": {
    "450-460": 759,
    "460-470": 326,
    "470-480": 916,
    "480-490": 247,
    "520-530": 885,
    "530-540": 2864,
    "540-550": 37207,
    "550-560": 8642,
    "620-630": 1759,
    "630-640": 2476,
    "640-650": 2113,
    "650-660": 4022,
    "660-670": 17624,
    "670-680": 64284,
    "680-690": 18657,
    "690-700": 22
  }
}
