{
  "metadata": {
    "filterMode": 0,
    "minWavelength": 450,
    "maxWavelength": 495,
    "useVisibleSpectrumOnly": true,
    "invertFilter": false
  },
  "powerStatistics": {
    "totalPower": [0.354668, 0.354955, 0.346156],
    "averagePower": [1.59401e-06, 1.59529e-06, 1.55575e-06],
    "peakPower": [0.00032508, 0.00032508, 0.00032508]
  },
  "pixelStatistics": {
    "pixelCount": 222501,
    "totalPixels": 3456000,
    "passRate": 6.43811
  },
  "wavelengthDistribution": {
    "450-460": 1035,
    "460-470": 382,
    "470-480": 1132,
    "480-490": 287,
    "520-530": 1094,
    "530-540": 3812,
    "540-550": 49288,
    "550-560": 11777,
    "620-630": 2176,
    "630-640": 3386,
    "640-650": 3107,
    "650-660": 6640,
    "660-670": 26761,
    "670-680": 86434,
    "680-690": 25171,
    "690-700": 19
  }
}
