{
  "metadata": {
    "filterMode": 0,
    "minWavelength": 450,
    "maxWavelength": 495,
    "useVisibleSpectrumOnly": true,
    "invertFilter": false
  },
  "powerStatistics": {
    "totalPower": [101.528, 96.7071, 92.532],
    "averagePower": [6.6466e-05, 6.33102e-05, 6.05769e-05],
    "peakPower": [0.0380416, 0.0382647, 0.0372446]
  },
  "pixelStatistics": {
    "pixelCount": 1527512,
    "totalPixels": 3456000,
    "passRate": 44.1988
  },
  "wavelengthDistribution": {
    "450-460": 8850,
    "460-470": 1668,
    "470-480": 1259,
    "480-490": 476,
    "520-530": 143928,
    "530-540": 15545,
    "540-550": 11220,
    "550-560": 7291,
    "620-630": 743433,
    "630-640": 77829,
    "640-650": 188941,
    "650-660": 123271,
    "660-670": 60792,
    "670-680": 66723,
    "680-690": 67613,
    "690-700": 8673
  }
}
