{
  "metadata": {
    "filterMode": 0,
    "minWavelength": 450,
    "maxWavelength": 495,
    "useVisibleSpectrumOnly": true,
    "invertFilter": false
  },
  "powerStatistics": {
    "totalPower": [748.192, 737.361, 729.037],
    "averagePower": [0.000431817, 0.000425566, 0.000420761],
    "peakPower": [0.0404508, 0.0402327, 0.0401241]
  },
  "pixelStatistics": {
    "pixelCount": 1732661,
    "totalPixels": 3456000,
    "passRate": 50.1349
  },
  "wavelengthDistribution": {
    "450-460": 7357,
    "460-470": 2591,
    "470-480": 1423,
    "480-490": 486,
    "520-530": 259276,
    "530-540": 8587,
    "540-550": 6518,
    "550-560": 2625,
    "620-630": 768343,
    "630-640": 40580,
    "640-650": 253766,
    "650-660": 179776,
    "660-670": 55351,
    "670-680": 64474,
    "680-690": 70194,
    "690-700": 11314
  }
}
