{
  "metadata": {
    "filterMode": 0,
    "minWavelength": 450,
    "maxWavelength": 495,
    "useVisibleSpectrumOnly": true,
    "invertFilter": false
  },
  "powerStatistics": {
    "totalPower": [150.519, 145.118, 140.342],
    "averagePower": [9.62759e-05, 9.28213e-05, 8.97666e-05],
    "peakPower": [0.0625321, 0.0625076, 0.0623725]
  },
  "pixelStatistics": {
    "pixelCount": 1563410,
    "totalPixels": 3456000,
    "passRate": 45.2376
  },
  "wavelengthDistribution": {
    "450-460": 5282,
    "460-470": 2545,
    "470-480": 1425,
    "480-490": 551,
    "520-530": 173120,
    "530-540": 15096,
    "540-550": 9638,
    "550-560": 4574,
    "620-630": 749879,
    "630-640": 75950,
    "640-650": 184199,
    "650-660": 134450,
    "660-670": 61100,
    "670-680": 68175,
    "680-690": 68217,
    "690-700": 9209
  }
}
