{
  "metadata": {
    "filterMode": 0,
    "minWavelength": 450,
    "maxWavelength": 495,
    "useVisibleSpectrumOnly": true,
    "invertFilter": false
  },
  "powerStatistics": {
    "totalPower": [117.382, 112.4, 108.043],
    "averagePower": [7.69399e-05, 7.36741e-05, 7.08182e-05],
    "peakPower": [0.391727, 0.391712, 0.391705]
  },
  "pixelStatistics": {
    "pixelCount": 1525635,
    "totalPixels": 3456000,
    "passRate": 44.1445
  },
  "wavelengthDistribution": {
    "450-460": 12507,
    "460-470": 1667,
    "470-480": 1056,
    "480-490": 397,
    "520-530": 143465,
    "530-540": 14941,
    "540-550": 10109,
    "550-560": 4930,
    "620-630": 745396,
    "630-640": 79466,
    "640-650": 179946,
    "650-660": 128632,
    "660-670": 60969,
    "670-680": 67229,
    "680-690": 66769,
    "690-700": 8156
  }
}
