{
  "metadata": {
    "filterMode": 0,
    "minWavelength": 450,
    "maxWavelength": 495,
    "useVisibleSpectrumOnly": true,
    "invertFilter": false
  },
  "powerStatistics": {
    "totalPower": [259.235, 252.582, 247.157],
    "averagePower": [0.000158208, 0.000154148, 0.000150837],
    "peakPower": [0.123678, 0.12492, 0.123565]
  },
  "pixelStatistics": {
    "pixelCount": 1638571,
    "totalPixels": 3456000,
    "passRate": 47.4124
  },
  "wavelengthDistribution": {
    "450-460": 7882,
    "460-470": 2002,
    "470-480": 1270,
    "480-490": 436,
    "520-530": 215827,
    "530-540": 9929,
    "540-550": 7016,
    "550-560": 3092,
    "620-630": 780479,
    "630-640": 58928,
    "640-650": 207649,
    "650-660": 144275,
    "660-670": 56955,
    "670-680": 66019,
    "680-690": 67867,
    "690-700": 8945
  }
}
