{
  "metadata": {
    "filterMode": 0,
    "minWavelength": 450,
    "maxWavelength": 495,
    "useVisibleSpectrumOnly": true,
    "invertFilter": false
  },
  "powerStatistics": {
    "totalPower": [353.037, 345.474, 339.52],
    "averagePower": [0.000211631, 0.000207097, 0.000203527],
    "peakPower": [0.0172594, 0.0170886, 0.0171899]
  },
  "pixelStatistics": {
    "pixelCount": 1668176,
    "totalPixels": 3456000,
    "passRate": 48.269
  },
  "wavelengthDistribution": {
    "450-460": 7447,
    "460-470": 2438,
    "470-480": 1406,
    "480-490": 499,
    "520-530": 232509,
    "530-540": 8353,
    "540-550": 7097,
    "550-560": 2847,
    "620-630": 778954,
    "630-640": 46865,
    "640-650": 222735,
    "650-660": 156570,
    "660-670": 56312,
    "670-680": 64998,
    "680-690": 69004,
    "690-700": 10142
  }
}
