{
  "metadata": {
    "filterMode": 0,
    "minWavelength": 450,
    "maxWavelength": 495,
    "useVisibleSpectrumOnly": true,
    "invertFilter": false
  },
  "powerStatistics": {
    "totalPower": [180.385, 174.809, 170.195],
    "averagePower": [0.00011586, 0.000112279, 0.000109315],
    "peakPower": [0.0569988, 0.0569693, 0.056947]
  },
  "pixelStatistics": {
    "pixelCount": 1556918,
    "totalPixels": 3456000,
    "passRate": 45.0497
  },
  "wavelengthDistribution": {
    "450-460": 5641,
    "460-470": 1979,
    "470-480": 1334,
    "480-490": 473,
    "520-530": 177106,
    "530-540": 11632,
    "540-550": 7759,
    "550-560": 3338,
    "620-630": 743255,
    "630-640": 66313,
    "640-650": 191589,
    "650-660": 138100,
    "660-670": 60324,
    "670-680": 69595,
    "680-690": 69336,
    "690-700": 9144
  }
}
