{
  "metadata": {
    "filterMode": 0,
    "minWavelength": 450,
    "maxWavelength": 495,
    "useVisibleSpectrumOnly": true,
    "invertFilter": false
  },
  "powerStatistics": {
    "totalPower": [202.087, 195.813, 190.774],
    "averagePower": [0.000125027, 0.000121146, 0.000118029],
    "peakPower": [0.0652336, 0.0650064, 0.0652336]
  },
  "pixelStatistics": {
    "pixelCount": 1616337,
    "totalPixels": 3456000,
    "passRate": 46.769
  },
  "wavelengthDistribution": {
    "450-460": 5594,
    "460-470": 1881,
    "470-480": 1230,
    "480-490": 444,
    "520-530": 178683,
    "530-540": 8773,
    "540-550": 7074,
    "550-560": 3130,
    "620-630": 803593,
    "630-640": 68639,
    "640-650": 194794,
    "650-660": 139977,
    "660-670": 58181,
    "670-680": 67144,
    "680-690": 68433,
    "690-700": 8767
  }
}
