{
  "metadata": {
    "filterMode": 0,
    "minWavelength": 450,
    "maxWavelength": 495,
    "useVisibleSpectrumOnly": true,
    "invertFilter": false
  },
  "powerStatistics": {
    "totalPower": [231.322, 224.978, 219.691],
    "averagePower": [0.000140951, 0.000137086, 0.000133864],
    "peakPower": [0.0659403, 0.0624494, 0.0570189]
  },
  "pixelStatistics": {
    "pixelCount": 1641147,
    "totalPixels": 3456000,
    "passRate": 47.4869
  },
  "wavelengthDistribution": {
    "450-460": 9028,
    "460-470": 2008,
    "470-480": 1410,
    "480-490": 475,
    "520-530": 216217,
    "530-540": 9887,
    "540-550": 8572,
    "550-560": 5623,
    "620-630": 771667,
    "630-640": 62782,
    "640-650": 213452,
    "650-660": 138446,
    "660-670": 58409,
    "670-680": 66610,
    "680-690": 67163,
    "690-700": 9398
  }
}
