{
  "metadata": {
    "filterMode": 0,
    "minWavelength": 450,
    "maxWavelength": 495,
    "useVisibleSpectrumOnly": true,
    "invertFilter": false
  },
  "powerStatistics": {
    "totalPower": [161.263, 155.568, 150.731],
    "averagePower": [0.000101483, 9.78994e-05, 9.48554e-05],
    "peakPower": [0.0348205, 0.0323406, 0.0290915]
  },
  "pixelStatistics": {
    "pixelCount": 1589063,
    "totalPixels": 3456000,
    "passRate": 45.9798
  },
  "wavelengthDistribution": {
    "450-460": 12550,
    "460-470": 1851,
    "470-480": 1244,
    "480-490": 462,
    "520-530": 184084,
    "530-540": 14426,
    "540-550": 8851,
    "550-560": 6393,
    "620-630": 759309,
    "630-640": 65828,
    "640-650": 207041,
    "650-660": 130031,
    "660-670": 57884,
    "670-680": 64179,
    "680-690": 66017,
    "690-700": 8913
  }
}
