{
  "metadata": {
    "filterMode": 0,
    "minWavelength": 450,
    "maxWavelength": 495,
    "useVisibleSpectrumOnly": true,
    "invertFilter": false
  },
  "powerStatistics": {
    "totalPower": [539.787, 530.782, 523.843],
    "averagePower": [0.000314509, 0.000309263, 0.00030522],
    "peakPower": [0.155296, 0.155332, 0.155296]
  },
  "pixelStatistics": {
    "pixelCount": 1716282,
    "totalPixels": 3456000,
    "passRate": 49.6609
  },
  "wavelengthDistribution": {
    "450-460": 7170,
    "460-470": 2533,
    "470-480": 1419,
    "480-490": 487,
    "520-530": 260978,
    "530-540": 10685,
    "540-550": 7005,
    "550-560": 3172,
    "620-630": 764957,
    "630-640": 41426,
    "640-650": 242091,
    "650-660": 170967,
    "660-670": 56885,
    "670-680": 65352,
    "680-690": 70156,
    "690-700": 10999
  }
}
