{
  "metadata": {
    "filterMode": 0,
    "minWavelength": 450,
    "maxWavelength": 495,
    "useVisibleSpectrumOnly": true,
    "invertFilter": false
  },
  "powerStatistics": {
    "totalPower": [124.725, 119.667, 115.301],
    "averagePower": [8.11853e-05, 7.78929e-05, 7.5051e-05],
    "peakPower": [0.0957539, 0.0957539, 0.0957539]
  },
  "pixelStatistics": {
    "pixelCount": 1536297,
    "totalPixels": 3456000,
    "passRate": 44.453
  },
  "wavelengthDistribution": {
    "450-460": 4761,
    "460-470": 1714,
    "470-480": 1117,
    "480-490": 368,
    "520-530": 142975,
    "530-540": 15129,
    "540-550": 10596,
    "550-560": 4162,
    "620-630": 768271,
    "630-640": 80506,
    "640-650": 172917,
    "650-660": 129529,
    "660-670": 61055,
    "670-680": 68202,
    "680-690": 67015,
    "690-700": 7980
  }
}
