{
  "metadata": {
    "filterMode": 0,
    "minWavelength": 450,
    "maxWavelength": 495,
    "useVisibleSpectrumOnly": true,
    "invertFilter": false
  },
  "powerStatistics": {
    "totalPower": [281.459, 274.574, 269.023],
    "averagePower": [0.000172098, 0.000167888, 0.000164494],
    "peakPower": [0.0408565, 0.0408528, 0.0408503]
  },
  "pixelStatistics": {
    "pixelCount": 1635458,
    "totalPixels": 3456000,
    "passRate": 47.3223
  },
  "wavelengthDistribution": {
    "450-460": 6440,
    "460-470": 2179,
    "470-480": 1452,
    "480-490": 449,
    "520-530": 215860,
    "530-540": 11158,
    "540-550": 7548,
    "550-560": 3184,
    "620-630": 775785,
    "630-640": 51808,
    "640-650": 210587,
    "650-660": 148450,
    "660-670": 56159,
    "670-680": 66109,
    "680-690": 68531,
    "690-700": 9759
  }
}
