{
  "metadata": {
    "filterMode": 0,
    "minWavelength": 450,
    "maxWavelength": 495,
    "useVisibleSpectrumOnly": true,
    "invertFilter": false
  },
  "powerStatistics": {
    "totalPower": [129.203, 124.694, 120.076],
    "averagePower": [8.24944e-05, 7.96156e-05, 7.66671e-05],
    "peakPower": [0.0506091, 0.0506066, 0.0506082]
  },
  "pixelStatistics": {
    "pixelCount": 1566199,
    "totalPixels": 3456000,
    "passRate": 45.3183
  },
  "wavelengthDistribution": {
    "450-460": 7806,
    "460-470": 1705,
    "470-480": 1485,
    "480-490": 464,
    "520-530": 199571,
    "530-540": 35319,
    "540-550": 16028,
    "550-560": 10563,
    "620-630": 703143,
    "630-640": 67699,
    "640-650": 197543,
    "650-660": 123183,
    "660-670": 60470,
    "670-680": 66014,
    "680-690": 66344,
    "690-700": 8862
  }
}
