{
  "metadata": {
    "filterMode": 0,
    "minWavelength": 450,
    "maxWavelength": 495,
    "useVisibleSpectrumOnly": true,
    "invertFilter": false
  },
  "powerStatistics": {
    "totalPower": [107.684, 102.638, 98.1665],
    "averagePower": [7.01668e-05, 6.68789e-05, 6.3965e-05],
    "peakPower": [0.238752, 0.238749, 0.238745]
  },
  "pixelStatistics": {
    "pixelCount": 1534691,
    "totalPixels": 3456000,
    "passRate": 44.4066
  },
  "wavelengthDistribution": {
    "450-460": 6778,
    "460-470": 2061,
    "470-480": 1711,
    "480-490": 661,
    "520-530": 136205,
    "530-540": 14454,
    "540-550": 11902,
    "550-560": 4296,
    "620-630": 758766,
    "630-640": 88537,
    "640-650": 173740,
    "650-660": 127462,
    "660-670": 63398,
    "670-680": 68754,
    "680-690": 67696,
    "690-700": 8270
  }
}
