{
  "metadata": {
    "filterMode": 0,
    "minWavelength": 450,
    "maxWavelength": 495,
    "useVisibleSpectrumOnly": true,
    "invertFilter": false
  },
  "powerStatistics": {
    "totalPower": [291.707, 284.857, 279.515],
    "averagePower": [0.000181289, 0.000177032, 0.000173712],
    "peakPower": [0.162346, 0.164064, 0.162346]
  },
  "pixelStatistics": {
    "pixelCount": 1609068,
    "totalPixels": 3456000,
    "passRate": 46.5587
  },
  "wavelengthDistribution": {
    "450-460": 6835,
    "460-470": 2115,
    "470-480": 1322,
    "480-490": 441,
    "520-530": 215617,
    "530-540": 9596,
    "540-550": 7380,
    "550-560": 3054,
    "620-630": 758032,
    "630-640": 49237,
    "640-650": 209309,
    "650-660": 147556,
    "660-670": 56169,
    "670-680": 65215,
    "680-690": 68163,
    "690-700": 9027
  }
}
