{
  "metadata": {
    "filterMode": 0,
    "minWavelength": 450,
    "maxWavelength": 495,
    "useVisibleSpectrumOnly": true,
    "invertFilter": false
  },
  "powerStatistics": {
    "totalPower": [204.2, 198.231, 193.013],
    "averagePower": [0.000125035, 0.00012138, 0.000118185],
    "peakPower": [0.0347009, 0.0347929, 0.0345161]
  },
  "pixelStatistics": {
    "pixelCount": 1633143,
    "totalPixels": 3456000,
    "passRate": 47.2553
  },
  "wavelengthDistribution": {
    "450-460": 9852,
    "460-470": 1958,
    "470-480": 1408,
    "480-490": 459,
    "520-530": 213372,
    "530-540": 14366,
    "540-550": 9835,
    "550-560": 6271,
    "620-630": 752739,
    "630-640": 65817,
    "640-650": 213672,
    "650-660": 136986,
    "660-670": 61192,
    "670-680": 67065,
    "680-690": 68531,
    "690-700": 9620
  }
}
