{
  "metadata": {
    "filterMode": 0,
    "minWavelength": 450,
    "maxWavelength": 495,
    "useVisibleSpectrumOnly": true,
    "invertFilter": false
  },
  "powerStatistics": {
    "totalPower": [174.48, 168.977, 164.149],
    "averagePower": [0.000110515, 0.000107029, 0.000103971],
    "peakPower": [0.0832855, 0.0832853, 0.0832851]
  },
  "pixelStatistics": {
    "pixelCount": 1578797,
    "totalPixels": 3456000,
    "passRate": 45.6828
  },
  "wavelengthDistribution": {
    "450-460": 6148,
    "460-470": 1748,
    "470-480": 1260,
    "480-490": 389,
    "520-530": 192711,
    "530-540": 16260,
    "540-550": 9835,
    "550-560": 5290,
    "620-630": 741918,
    "630-640": 66225,
    "640-650": 196272,
    "650-660": 135492,
    "660-670": 59935,
    "670-680": 67828,
    "680-690": 68567,
    "690-700": 8919
  }
}
