{
  "metadata": {
    "filterMode": 0,
    "minWavelength": 450,
    "maxWavelength": 495,
    "useVisibleSpectrumOnly": true,
    "invertFilter": false
  },
  "powerStatistics": {
    "totalPower": [548.192, 539.213, 532.147],
    "averagePower": [0.000325499, 0.000320167, 0.000315972],
    "peakPower": [0.0133438, 0.0133438, 0.0133438]
  },
  "pixelStatistics": {
    "pixelCount": 1684160,
    "totalPixels": 3456000,
    "passRate": 48.7315
  },
  "wavelengthDistribution": {
    "450-460": 7331,
    "460-470": 2341,
    "470-480": 1460,
    "480-490": 466,
    "520-530": 253950,
    "530-540": 8875,
    "540-550": 6657,
    "550-560": 2887,
    "620-630": 759951,
    "630-640": 42095,
    "640-650": 237209,
    "650-660": 165751,
    "660-670": 54958,
    "670-680": 62745,
    "680-690": 67202,
    "690-700": 10282
  }
}
