{
  "metadata": {
    "filterMode": 0,
    "minWavelength": 450,
    "maxWavelength": 495,
    "useVisibleSpectrumOnly": true,
    "invertFilter": false
  },
  "powerStatistics": {
    "totalPower": [426.268, 418.276, 412.002],
    "averagePower": [0.000252192, 0.000247464, 0.000243752],
    "peakPower": [0.244007, 0.24396, 0.244007]
  },
  "pixelStatistics": {
    "pixelCount": 1690249,
    "totalPixels": 3456000,
    "passRate": 48.9077
  },
  "wavelengthDistribution": {
    "450-460": 6815,
    "460-470": 2215,
    "470-480": 1383,
    "480-490": 423,
    "520-530": 240607,
    "530-540": 11906,
    "540-550": 7371,
    "550-560": 3378,
    "620-630": 790932,
    "630-640": 47839,
    "640-650": 224300,
    "650-660": 157209,
    "660-670": 55226,
    "670-680": 64111,
    "680-690": 66763,
    "690-700": 9771
  }
}
