{
  "metadata": {
    "filterMode": 0,
    "minWavelength": 450,
    "maxWavelength": 495,
    "useVisibleSpectrumOnly": true,
    "invertFilter": false
  },
  "powerStatistics": {
    "totalPower": [0.0554255, 0.0582934, 0.0497892],
    "averagePower": [1.98075e-06, 2.08325e-06, 1.77933e-06],
    "peakPower": [0.000165773, 0.000165773, 0.000165773]
  },
  "pixelStatistics": {
    "pixelCount": 27982,
    "totalPixels": 3456000,
    "passRate": 0.809664
  },
  "wavelengthDistribution": {
    "450-460": 531,
    "460-470": 213,
    "470-480": 473,
    "480-490": 121,
    "520-530": 406,
    "530-540": 974,
    "540-550": 7310,
    "550-560": 2306,
    "620-630": 408,
    "630-640": 569,
    "640-650": 365,
    "650-660": 400,
    "660-670": 1527,
    "670-680": 9189,
    "680-690": 3149,
    "690-700": 41
  }
}
