{
  "metadata": {
    "filterMode": 0,
    "minWavelength": 450,
    "maxWavelength": 495,
    "useVisibleSpectrumOnly": true,
    "invertFilter": false
  },
  "powerStatistics": {
    "totalPower": [0.179077, 0.256885, 0.217283],
    "averagePower": [3.20107e-06, 4.59191e-06, 3.88401e-06],
    "peakPower": [0.000143014, 0.000125661, 9.77423e-05]
  },
  "pixelStatistics": {
    "pixelCount": 55943,
    "totalPixels": 3456000,
    "passRate": 1.61872
  },
  "wavelengthDistribution": {
    "450-460": 4964,
    "460-470": 482,
    "470-480": 759,
    "480-490": 246,
    "520-530": 11361,
    "530-540": 4734,
    "540-550": 10298,
    "550-560": 7088,
    "620-630": 777,
    "630-640": 782,
    "640-650": 486,
    "650-660": 502,
    "660-670": 1941,
    "670-680": 8065,
    "680-690": 3270,
    "690-700": 188
  }
}
