{
  "metadata": {
    "filterMode": 0,
    "minWavelength": 450,
    "maxWavelength": 495,
    "useVisibleSpectrumOnly": true,
    "invertFilter": false
  },
  "powerStatistics": {
    "totalPower": [0.0641376, 0.0660192, 0.0580722],
    "averagePower": [2.01279e-06, 2.07184e-06, 1.82244e-06],
    "peakPower": [0.000121212, 0.000121215, 0.000120881]
  },
  "pixelStatistics": {
    "pixelCount": 31865,
    "totalPixels": 3456000,
    "passRate": 0.92202
  },
  "wavelengthDistribution": {
    "450-460": 750,
    "460-470": 272,
    "470-480": 579,
    "480-490": 192,
    "520-530": 486,
    "530-540": 882,
    "540-550": 6515,
    "550-560": 2408,
    "620-630": 749,
    "630-640": 1009,
    "640-650": 653,
    "650-660": 540,
    "660-670": 1711,
    "670-680": 11236,
    "680-690": 3860,
    "690-700": 23
  }
}
