{
  "metadata": {
    "filterMode": 0,
    "minWavelength": 450,
    "maxWavelength": 495,
    "useVisibleSpectrumOnly": true,
    "invertFilter": false
  },
  "powerStatistics": {
    "totalPower": [0.143612, 0.0878757, 0.050169],
    "averagePower": [2.62642e-05, 1.60709e-05, 9.17502e-06],
    "peakPower": [0.00535835, 0.00220907, 0.00201797]
  },
  "pixelStatistics": {
    "pixelCount": 5468,
    "totalPixels": 1713798,
    "passRate": 0.319057
  },
  "wavelengthDistribution": {
    "450-460": 186,
    "460-470": 43,
    "470-480": 81,
    "480-490": 15,
    "520-530": 365,
    "530-540": 423,
    "540-550": 634,
    "550-560": 348,
    "620-630": 143,
    "630-640": 200,
    "640-650": 467,
    "650-660": 466,
    "660-670": 781,
    "670-680": 601,
    "680-690": 594,
    "690-700": 121
  }
}
