{
  "metadata": {
    "filterMode": 0,
    "minWavelength": 450,
    "maxWavelength": 495,
    "useVisibleSpectrumOnly": true,
    "invertFilter": false
  },
  "powerStatistics": {
    "totalPower": [5.08337, 4.83262, 4.64787],
    "averagePower": [0.000577721, 0.000549224, 0.000528227],
    "peakPower": [0.428293, 0.428165, 0.428062]
  },
  "pixelStatistics": {
    "pixelCount": 8799,
    "totalPixels": 1713798,
    "passRate": 0.513421
  },
  "wavelengthDistribution": {
    "450-460": 277,
    "460-470": 52,
    "470-480": 84,
    "480-490": 25,
    "520-530": 209,
    "530-540": 556,
    "540-550": 505,
    "550-560": 243,
    "620-630": 1893,
    "630-640": 464,
    "640-650": 809,
    "650-660": 767,
    "660-670": 1064,
    "670-680": 878,
    "680-690": 858,
    "690-700": 115
  }
}
