{
  "metadata": {
    "filterMode": 0,
    "minWavelength": 450,
    "maxWavelength": 495,
    "useVisibleSpectrumOnly": true,
    "invertFilter": false
  },
  "powerStatistics": {
    "totalPower": [0.144215, 0.10935, 0.0728515],
    "averagePower": [1.62569e-05, 1.23267e-05, 8.21232e-06],
    "peakPower": [0.00336191, 0.00342888, 0.00336191]
  },
  "pixelStatistics": {
    "pixelCount": 8871,
    "totalPixels": 1713798,
    "passRate": 0.517622
  },
  "wavelengthDistribution": {
    "450-460": 174,
    "460-470": 39,
    "470-480": 76,
    "480-490": 19,
    "520-530": 493,
    "530-540": 609,
    "540-550": 729,
    "550-560": 367,
    "560-570": 1,
    "620-630": 627,
    "630-640": 297,
    "640-650": 2977,
    "650-660": 693,
    "660-670": 611,
    "670-680": 581,
    "680-690": 528,
    "690-700": 50
  }
}
