{
  "metadata": {
    "filterMode": 0,
    "minWavelength": 450,
    "maxWavelength": 495,
    "useVisibleSpectrumOnly": true,
    "invertFilter": false
  },
  "powerStatistics": {
    "totalPower": [0.134283, 0.135315, 0.127656],
    "averagePower": [1.65353e-06, 1.66624e-06, 1.57192e-06],
    "peakPower": [0.000213407, 0.000213407, 0.000213407]
  },
  "pixelStatistics": {
    "pixelCount": 81210,
    "totalPixels": 3456000,
    "passRate": 2.34983
  },
  "wavelengthDistribution": {
    "450-460": 778,
    "460-470": 292,
    "470-480": 666,
    "480-490": 181,
    "520-530": 365,
    "530-540": 1329,
    "540-550": 17612,
    "550-560": 4717,
    "620-630": 647,
    "630-640": 900,
    "640-650": 1204,
    "650-660": 2088,
    "660-670": 7817,
    "670-680": 33190,
    "680-690": 9401,
    "690-700": 23
  }
}
