{
  "metadata": {
    "filterMode": 0,
    "minWavelength": 450,
    "maxWavelength": 495,
    "useVisibleSpectrumOnly": true,
    "invertFilter": false
  },
  "powerStatistics": {
    "totalPower": [0.31907, 0.407233, 0.336784],
    "averagePower": [4.61611e-06, 5.89159e-06, 4.87238e-06],
    "peakPower": [0.000228804, 0.000228789, 0.000228783]
  },
  "pixelStatistics": {
    "pixelCount": 69121,
    "totalPixels": 3456000,
    "passRate": 2.00003
  },
  "wavelengthDistribution": {
    "450-460": 2235,
    "460-470": 553,
    "470-480": 1017,
    "480-490": 272,
    "520-530": 23189,
    "530-540": 3467,
    "540-550": 9826,
    "550-560": 8067,
    "620-630": 1151,
    "630-640": 1330,
    "640-650": 675,
    "650-660": 672,
    "660-670": 1859,
    "670-680": 10936,
    "680-690": 3800,
    "690-700": 72
  }
}
