{
  "metadata": {
    "filterMode": 0,
    "minWavelength": 450,
    "maxWavelength": 495,
    "useVisibleSpectrumOnly": true,
    "invertFilter": false
  },
  "powerStatistics": {
    "totalPower": [0.212368, 0.214348, 0.204824],
    "averagePower": [1.63324e-06, 1.64848e-06, 1.57523e-06],
    "peakPower": [0.00021158, 0.00021158, 0.00021158]
  },
  "pixelStatistics": {
    "pixelCount": 130028,
    "totalPixels": 3456000,
    "passRate": 3.76238
  },
  "wavelengthDistribution": {
    "450-460": 989,
    "460-470": 434,
    "470-480": 998,
    "480-490": 280,
    "520-530": 905,
    "530-540": 2356,
    "540-550": 29197,
    "550-560": 7503,
    "620-630": 1480,
    "630-640": 2247,
    "640-650": 1800,
    "650-660": 2747,
    "660-670": 12375,
    "670-680": 51426,
    "680-690": 15271,
    "690-700": 20
  }
}
