{
  "metadata": {
    "filterMode": 0,
    "minWavelength": 450,
    "maxWavelength": 495,
    "useVisibleSpectrumOnly": true,
    "invertFilter": false
  },
  "powerStatistics": {
    "totalPower": [0.135371, 0.174954, 0.164929],
    "averagePower": [1.6508e-06, 2.1335e-06, 2.01125e-06],
    "peakPower": [0.000121181, 0.000121178, 0.000121176]
  },
  "pixelStatistics": {
    "pixelCount": 82003,
    "totalPixels": 3456000,
    "passRate": 2.37277
  },
  "wavelengthDistribution": {
    "450-460": 2342,
    "460-470": 355,
    "470-480": 754,
    "480-490": 226,
    "520-530": 12221,
    "530-540": 1807,
    "540-550": 15108,
    "550-560": 4408,
    "620-630": 578,
    "630-640": 760,
    "640-650": 904,
    "650-660": 1549,
    "660-670": 6029,
    "670-680": 26710,
    "680-690": 8221,
    "690-700": 31
  }
}
