{
  "metadata": {
    "filterMode": 0,
    "minWavelength": 450,
    "maxWavelength": 495,
    "useVisibleSpectrumOnly": true,
    "invertFilter": false
  },
  "powerStatistics": {
    "totalPower": [0.26539, 0.265534, 0.257608],
    "averagePower": [1.59577e-06, 1.59664e-06, 1.54898e-06],
    "peakPower": [0.000119834, 0.000119834, 0.000119834]
  },
  "pixelStatistics": {
    "pixelCount": 166308,
    "totalPixels": 3456000,
    "passRate": 4.81215
  },
  "wavelengthDistribution": {
    "450-460": 906,
    "460-470": 332,
    "470-480": 1000,
    "480-490": 245,
    "520-530": 853,
    "530-540": 2956,
    "540-550": 37821,
    "550-560": 8900,
    "620-630": 1730,
    "630-640": 2589,
    "640-650": 2321,
    "650-660": 4509,
    "660-670": 18086,
    "670-680": 65032,
    "680-690": 19012,
    "690-700": 16
  }
}
