{
  "metadata": {
    "filterMode": 0,
    "minWavelength": 450,
    "maxWavelength": 495,
    "useVisibleSpectrumOnly": true,
    "invertFilter": false
  },
  "powerStatistics": {
    "totalPower": [0.325595, 0.327169, 0.316848],
    "averagePower": [1.63885e-06, 1.64677e-06, 1.59482e-06],
    "peakPower": [0.00032549, 0.000325473, 0.000325451]
  },
  "pixelStatistics": {
    "pixelCount": 198673,
    "totalPixels": 3456000,
    "passRate": 5.74864
  },
  "wavelengthDistribution": {
    "450-460": 1226,
    "460-470": 447,
    "470-480": 1236,
    "480-490": 292,
    "520-530": 1321,
    "530-540": 4308,
    "540-550": 44861,
    "550-560": 9543,
    "620-630": 2204,
    "630-640": 3412,
    "640-650": 2650,
    "650-660": 6107,
    "660-670": 24319,
    "670-680": 76940,
    "680-690": 19787,
    "690-700": 20
  }
}
