{
  "metadata": {
    "filterMode": 0,
    "minWavelength": 450,
    "maxWavelength": 495,
    "useVisibleSpectrumOnly": true,
    "invertFilter": false
  },
  "powerStatistics": {
    "totalPower": [0.371508, 0.443274, 0.384294],
    "averagePower": [3.75347e-06, 4.47856e-06, 3.88266e-06],
    "peakPower": [0.000157138, 0.000136095, 0.000116291]
  },
  "pixelStatistics": {
    "pixelCount": 98977,
    "totalPixels": 3456000,
    "passRate": 2.86392
  },
  "wavelengthDistribution": {
    "450-460": 3419,
    "460-470": 489,
    "470-480": 918,
    "480-490": 273,
    "520-530": 23069,
    "530-540": 2744,
    "540-550": 14461,
    "550-560": 7631,
    "620-630": 1498,
    "630-640": 2197,
    "640-650": 1488,
    "650-660": 1446,
    "660-670": 4207,
    "670-680": 26593,
    "680-690": 8468,
    "690-700": 76
  }
}
