{
  "metadata": {
    "filterMode": 0,
    "minWavelength": 450,
    "maxWavelength": 495,
    "useVisibleSpectrumOnly": true,
    "invertFilter": false
  },
  "powerStatistics": {
    "totalPower": [0.238579, 0.339727, 0.304652],
    "averagePower": [3.02589e-06, 4.30874e-06, 3.86389e-06],
    "peakPower": [0.000152804, 0.000128924, 9.18748e-05]
  },
  "pixelStatistics": {
    "pixelCount": 78846,
    "totalPixels": 3456000,
    "passRate": 2.28142
  },
  "wavelengthDistribution": {
    "450-460": 7739,
    "460-470": 444,
    "470-480": 862,
    "480-490": 259,
    "520-530": 17390,
    "530-540": 7898,
    "540-550": 11094,
    "550-560": 7392,
    "620-630": 802,
    "630-640": 744,
    "640-650": 440,
    "650-660": 679,
    "660-670": 2473,
    "670-680": 15595,
    "680-690": 4912,
    "690-700": 123
  }
}
