{
  "metadata": {
    "filterMode": 0,
    "minWavelength": 450,
    "maxWavelength": 495,
    "useVisibleSpectrumOnly": true,
    "invertFilter": false
  },
  "powerStatistics": {
    "totalPower": [0.0785382, 0.0797014, 0.0725593],
    "averagePower": [1.72252e-06, 1.74803e-06, 1.59139e-06],
    "peakPower": [0.000195415, 0.000190437, 0.000195415]
  },
  "pixelStatistics": {
    "pixelCount": 45595,
    "totalPixels": 3456000,
    "passRate": 1.3193
  },
  "wavelengthDistribution": {
    "450-460": 612,
    "460-470": 273,
    "470-480": 509,
    "480-490": 156,
    "520-530": 316,
    "530-540": 838,
    "540-550": 9387,
    "550-560": 3030,
    "620-630": 450,
    "630-640": 665,
    "640-650": 522,
    "650-660": 791,
    "660-670": 3259,
    "670-680": 18801,
    "680-690": 5950,
    "690-700": 36
  }
}
