{
  "metadata": {
    "filterMode": 0,
    "minWavelength": 450,
    "maxWavelength": 495,
    "useVisibleSpectrumOnly": true,
    "invertFilter": false
  },
  "powerStatistics": {
    "totalPower": [0.381056, 0.494019, 0.428657],
    "averagePower": [4.1661e-06, 5.40112e-06, 4.68651e-06],
    "peakPower": [0.000158122, 0.000146363, 0.0001127]
  },
  "pixelStatistics": {
    "pixelCount": 91466,
    "totalPixels": 3456000,
    "passRate": 2.64659
  },
  "wavelengthDistribution": {
    "450-460": 4533,
    "460-470": 512,
    "470-480": 945,
    "480-490": 257,
    "520-530": 26199,
    "530-540": 3413,
    "540-550": 13382,
    "550-560": 7332,
    "620-630": 1229,
    "630-640": 1562,
    "640-650": 1143,
    "650-660": 1109,
    "660-670": 3277,
    "670-680": 19934,
    "680-690": 6545,
    "690-700": 94
  }
}
