{
  "metadata": {
    "filterMode": 0,
    "minWavelength": 450,
    "maxWavelength": 495,
    "useVisibleSpectrumOnly": true,
    "invertFilter": false
  },
  "powerStatistics": {
    "totalPower": [0.455943, 0.454506, 0.445768],
    "averagePower": [1.53083e-06, 1.526e-06, 1.49666e-06],
    "peakPower": [3.73467e-05, 3.43211e-05, 3.39512e-05]
  },
  "pixelStatistics": {
    "pixelCount": 297841,
    "totalPixels": 3456000,
    "passRate": 8.61808
  },
  "wavelengthDistribution": {
    "450-460": 842,
    "460-470": 405,
    "470-480": 1162,
    "480-490": 315,
    "520-530": 1052,
    "530-540": 6066,
    "540-550": 63442,
    "550-560": 15760,
    "620-630": 1673,
    "630-640": 1766,
    "640-650": 2131,
    "650-660": 11609,
    "660-670": 39066,
    "670-680": 117660,
    "680-690": 34880,
    "690-700": 12
  }
}
