{
  "metadata": {
    "filterMode": 0,
    "minWavelength": 450,
    "maxWavelength": 495,
    "useVisibleSpectrumOnly": true,
    "invertFilter": false
  },
  "powerStatistics": {
    "totalPower": [0.0530619, 0.0561275, 0.0471668],
    "averagePower": [2.16455e-06, 2.28961e-06, 1.92408e-06],
    "peakPower": [0.000498472, 0.000493969, 0.000494044]
  },
  "pixelStatistics": {
    "pixelCount": 24514,
    "totalPixels": 3456000,
    "passRate": 0.709317
  },
  "wavelengthDistribution": {
    "450-460": 577,
    "460-470": 228,
    "470-480": 500,
    "480-490": 137,
    "520-530": 456,
    "530-540": 1021,
    "540-550": 6198,
    "550-560": 2095,
    "620-630": 444,
    "630-640": 607,
    "640-650": 316,
    "650-660": 330,
    "660-670": 1402,
    "670-680": 7535,
    "680-690": 2620,
    "690-700": 48
  }
}
