{
  "metadata": {
    "filterMode": 0,
    "minWavelength": 450,
    "maxWavelength": 495,
    "useVisibleSpectrumOnly": true,
    "invertFilter": false
  },
  "powerStatistics": {
    "totalPower": [0.195092, 0.124965, 0.0747102],
    "averagePower": [3.16966e-05, 2.0303e-05, 1.21381e-05],
    "peakPower": [0.00622855, 0.00374453, 0.00340158]
  },
  "pixelStatistics": {
    "pixelCount": 6155,
    "totalPixels": 1713798,
    "passRate": 0.359144
  },
  "wavelengthDistribution": {
    "450-460": 390,
    "460-470": 61,
    "470-480": 100,
    "480-490": 14,
    "520-530": 343,
    "530-540": 459,
    "540-550": 554,
    "550-560": 342,
    "620-630": 343,
    "630-640": 220,
    "640-650": 513,
    "650-660": 575,
    "660-670": 915,
    "670-680": 612,
    "680-690": 591,
    "690-700": 123
  }
}
