{
  "metadata": {
    "filterMode": 0,
    "minWavelength": 450,
    "maxWavelength": 495,
    "useVisibleSpectrumOnly": true,
    "invertFilter": false
  },
  "powerStatistics": {
    "totalPower": [0.252679, 0.356183, 0.321359],
    "averagePower": [3.33055e-06, 4.69484e-06, 4.23582e-06],
    "peakPower": [0.000153635, 0.000149454, 0.000103352]
  },
  "pixelStatistics": {
    "pixelCount": 75867,
    "totalPixels": 3456000,
    "passRate": 2.19523
  },
  "wavelengthDistribution": {
    "450-460": 7556,
    "460-470": 424,
    "470-480": 823,
    "480-490": 261,
    "520-530": 16328,
    "530-540": 7144,
    "540-550": 11151,
    "550-560": 6350,
    "620-630": 764,
    "630-640": 796,
    "640-650": 488,
    "650-660": 684,
    "660-670": 2395,
    "670-680": 15727,
    "680-690": 4868,
    "690-700": 108
  }
}
