{
  "metadata": {
    "filterMode": 0,
    "minWavelength": 450,
    "maxWavelength": 495,
    "useVisibleSpectrumOnly": true,
    "invertFilter": false
  },
  "powerStatistics": {
    "totalPower": [0.0721327, 0.0465238, 0.0263492],
    "averagePower": [2.19048e-05, 1.41281e-05, 8.00159e-06],
    "peakPower": [0.00318524, 0.00135624, 0.00055974]
  },
  "pixelStatistics": {
    "pixelCount": 3293,
    "totalPixels": 1713798,
    "passRate": 0.192146
  },
  "wavelengthDistribution": {
    "450-460": 234,
    "460-470": 31,
    "470-480": 63,
    "480-490": 14,
    "520-530": 60,
    "530-540": 181,
    "540-550": 224,
    "550-560": 277,
    "620-630": 237,
    "630-640": 178,
    "640-650": 262,
    "650-660": 315,
    "660-670": 437,
    "670-680": 348,
    "680-690": 352,
    "690-700": 80
  }
}
