{
  "metadata": {
    "filterMode": 0,
    "minWavelength": 450,
    "maxWavelength": 495,
    "useVisibleSpectrumOnly": true,
    "invertFilter": false
  },
  "powerStatistics": {
    "totalPower": [0.0955147, 0.0615456, 0.035579],
    "averagePower": [2.1812e-05, 1.40547e-05, 8.12491e-06],
    "peakPower": [0.00430176, 0.00309915, 0.00220605]
  },
  "pixelStatistics": {
    "pixelCount": 4379,
    "totalPixels": 1713798,
    "passRate": 0.255514
  },
  "wavelengthDistribution": {
    "450-460": 221,
    "460-470": 43,
    "470-480": 81,
    "480-490": 12,
    "520-530": 144,
    "530-540": 376,
    "540-550": 407,
    "550-560": 367,
    "620-630": 194,
    "630-640": 160,
    "640-650": 334,
    "650-660": 358,
    "660-670": 608,
    "670-680": 472,
    "680-690": 480,
    "690-700": 122
  }
}
