{
  "metadata": {
    "filterMode": 0,
    "minWavelength": 450,
    "maxWavelength": 495,
    "useVisibleSpectrumOnly": true,
    "invertFilter": false
  },
  "powerStatistics": {
    "totalPower": [0.0957344, 0.0655778, 0.0401341],
    "averagePower": [2.41571e-05, 1.65475e-05, 1.01272e-05],
    "peakPower": [0.0201305, 0.0142953, 0.00894438]
  },
  "pixelStatistics": {
    "pixelCount": 3963,
    "totalPixels": 1713798,
    "passRate": 0.231241
  },
  "wavelengthDistribution": {
    "450-460": 316,
    "460-470": 49,
    "470-480": 67,
    "480-490": 15,
    "520-530": 132,
    "530-540": 347,
    "540-550": 399,
    "550-560": 282,
    "620-630": 246,
    "630-640": 166,
    "640-650": 317,
    "650-660": 322,
    "660-670": 464,
    "670-680": 389,
    "680-690": 365,
    "690-700": 87
  }
}
