{
  "metadata": {
    "filterMode": 0,
    "minWavelength": 450,
    "maxWavelength": 495,
    "useVisibleSpectrumOnly": true,
    "invertFilter": false
  },
  "powerStatistics": {
    "totalPower": [0.0289184, 0.0203885, 0.0126553],
    "averagePower": [1.13762e-05, 8.02067e-06, 4.97849e-06],
    "peakPower": [0.000739105, 0.000521717, 0.000364376]
  },
  "pixelStatistics": {
    "pixelCount": 2542,
    "totalPixels": 1713798,
    "passRate": 0.148326
  },
  "wavelengthDistribution": {
    "450-460": 30,
    "460-470": 15,
    "470-480": 31,
    "480-490": 7,
    "520-530": 279,
    "530-540": 159,
    "540-550": 234,
    "550-560": 189,
    "620-630": 81,
    "630-640": 123,
    "640-650": 314,
    "650-660": 254,
    "660-670": 253,
    "670-680": 257,
    "680-690": 278,
    "690-700": 38
  }
}
