{
  "metadata": {
    "filterMode": 0,
    "minWavelength": 450,
    "maxWavelength": 495,
    "useVisibleSpectrumOnly": true,
    "invertFilter": false
  },
  "powerStatistics": {
    "totalPower": [0.0911021, 0.0953431, 0.0858893],
    "averagePower": [1.84037e-06, 1.92605e-06, 1.73507e-06],
    "peakPower": [0.000136263, 0.000135813, 0.000135812]
  },
  "pixelStatistics": {
    "pixelCount": 49502,
    "totalPixels": 3456000,
    "passRate": 1.43235
  },
  "wavelengthDistribution": {
    "450-460": 989,
    "460-470": 415,
    "470-480": 781,
    "480-490": 193,
    "520-530": 599,
    "530-540": 1335,
    "540-550": 10763,
    "550-560": 3719,
    "620-630": 697,
    "630-640": 1073,
    "640-650": 825,
    "650-660": 804,
    "660-670": 2675,
    "670-680": 18620,
    "680-690": 5986,
    "690-700": 28
  }
}
