{
  "metadata": {
    "filterMode": 0,
    "minWavelength": 450,
    "maxWavelength": 495,
    "useVisibleSpectrumOnly": true,
    "invertFilter": false
  },
  "powerStatistics": {
    "totalPower": [0.0835438, 0.0860881, 0.0786569],
    "averagePower": [1.8634e-06, 1.92015e-06, 1.7544e-06],
    "peakPower": [0.000545577, 0.000545575, 0.000545574]
  },
  "pixelStatistics": {
    "pixelCount": 44834,
    "totalPixels": 3456000,
    "passRate": 1.29728
  },
  "wavelengthDistribution": {
    "450-460": 846,
    "460-470": 303,
    "470-480": 661,
    "480-490": 190,
    "520-530": 536,
    "530-540": 981,
    "540-550": 9562,
    "550-560": 3197,
    "620-630": 744,
    "630-640": 1137,
    "640-650": 795,
    "650-660": 750,
    "660-670": 2452,
    "670-680": 16632,
    "680-690": 6026,
    "690-700": 22
  }
}
